{"image":{"0":"adap_original","1":"adap_original_pos_processado","2":"segme_original","3":"otsu_original","4":"LAB_l_thresh_otsu","5":"LAB_l_thresh_adap","6":"LAB_l_thresh_adap_new","7":"LAB_thresh_otsu","8":"LAB_thresh_adap","9":"RGB_g_thresh","10":"RGB_g_thresh_adap","11":"RGB_g_thresh_pos_processamento","12":"YCRCB_thresh_adap","13":"YCRCB_thresh_otsu","14":"YCRCB_y_thresh_adap","15":"YCRCB_y_thresh_otsu"},"recall":{"0":0.7770809689,"1":0.9833603397,"2":0.6243887404,"3":0.2995878237,"4":0.8294710689,"5":0.8137757647,"6":0.9062158577,"7":0.0441078159,"8":0.0618832995,"9":0.9415755349,"10":0.8598773907,"11":0.9204882618,"12":0.0033940903,"13":0.0041218154,"14":0.7793437388,"15":0.2498346729},"precision":{"0":0.179483482,"1":0.102520866,"2":0.0192084586,"3":0.0142141838,"4":0.0240838442,"5":0.1237246808,"6":0.2327230152,"7":0.0019389016,"8":0.0634396181,"9":0.0248045001,"10":0.1073635541,"11":0.4022939277,"12":0.003316864,"13":0.0000486178,"14":0.23835452,"15":0.0128810696},"mcc":{"0":0.359359702,"1":0.298948662,"2":0.0494978988,"3":0.0053606125,"4":0.0817656548,"5":0.3031142573,"6":0.4395499189,"7":-0.0418494996,"8":0.0520994553,"9":0.0989916198,"10":0.288487586,"11":0.585377784,"12":-0.0001716179,"13":-0.0583299237,"14":0.4103915278,"15":-0.0029659624},"specificity":{"0":0.9833879071,"1":0.9500241916,"2":0.6286454464,"3":0.6318223237,"4":0.6240809482,"5":0.9724592701,"6":0.9846771477,"7":0.6167371414,"8":0.9958877574,"9":0.6258597891,"10":0.9653100051,"11":0.9687635398,"12":0.9965269178,"13":0.6118638243,"14":0.9879180798,"15":0.6318543675}}