{"image":{"0":"adap_original","1":"adap_original_pos_processado","2":"LAB_l_thresh","3":"LAB_thresh","4":"RGB_g_thresh","5":"RGB_g_thresh_adap","6":"RGB_g_thresh_pos_processamento","7":"YCRCB_thresh_adap","8":"YCRCB_thresh_otsu","9":"YCRCB_y_thresh_adap","10":"YCRCB_y_thresh_otsu"},"recall":{"0":0.7770809689,"1":0.9833603397,"2":0.8294710689,"3":0.0441078159,"4":0.9415755349,"5":0.8598773907,"6":0.9204882618,"7":0.0033940903,"8":0.9958781846,"9":0.7793437388,"10":0.7501653271},"precision":{"0":0.179483482,"1":0.102520866,"2":0.0240838442,"3":0.0019389016,"4":0.0248045001,"5":0.1073635541,"6":0.4022939277,"7":0.003316864,"8":0.0148251169,"9":0.23835452,"10":0.0054196385},"mcc":{"0":0.359359702,"1":0.298948662,"2":0.0817656548,"3":-0.0418494996,"4":0.0989916198,"5":0.288487586,"6":0.585377784,"7":-0.0001716179,"8":0.0583299237,"9":0.4103915278,"10":0.0029659624},"specificity":{"0":0.9833879071,"1":0.9500241916,"2":0.6240809482,"3":0.6167371414,"4":0.6258597891,"5":0.9653100051,"6":0.9687635398,"7":0.9965269178,"8":0.3881361757,"9":0.9879180798,"10":0.3681456325}}